track_id,crops,first_frame,last_frame,median_w_px,median_h_px
1,13,268,304,159,242
2,13,299,335,174,214
3,12,305,349,232,153
4,11,323,373,251,166
5,12,350,383,181,236
6,7,351,357,182,192
7,13,357,393,170,223
8,13,358,394,221,153
9,11,363,423,205,184
10,12,368,390,230,158
11,10,373,400,162,250
12,12,373,384,152,232
13,10,377,386,199,188
14,11,379,409,228,168
15,11,381,401,248,162
16,13,382,406,312,406
17,8,386,393,176,186
18,11,387,400,211,207
19,13,388,412,246,181
20,15,390,418,240,181
24,5,394,398,262,294
25,13,397,409,152,229
26,11,400,420,159,244
27,1,401,401,200,158
29,5,404,408,201,160
30,11,408,438,242,157
32,11,412,432,196,203
33,1,415,415,172,208
35,13,418,442,153,206
36,15,419,433,162,253
38,14,436,462,213,163
39,14,437,463,221,179
40,11,447,470,211,197
42,11,450,470,213,159
43,19,463,481,197,214
44,15,469,483,150,238
45,19,473,491,214,189
46,14,476,502,182,215
